[{"name":"theme_info","theme_name":"SuitUp","theme_author":"Templatemonster","theme_version":"1.0.0","theme_documentation_url":"http:\/\/info.template-help.com\/help\/quick-start-guide\/shopify-themes\/master\/","theme_support_email":"tmshopify@template-help.com"},{"name":"Typography","settings":[{"type":"header","content":"Base font"},{"type":"select","id":"base_font","label":"Font family","options":[{"value":"Arial","label":"Arial","group":"Sans-serif"},{"value":"Trebuchet MS","label":"Trebuchet MS","group":"Sans-serif"},{"value":"Verdana","label":"Verdana","group":"Sans-serif"},{"value":"Georgia","label":"Georgia","group":"Serif"},{"value":"Times New Roman","label":"Times New Roman","group":"Serif"},{"value":"Courier New","label":"Courier New","group":"Monospace"},{"value":"Lucida Console","label":"Lucida Console","group":"Monospace"},{"value":"google_fonts:Lato","label":"Lato","group":"Google fonts"},{"value":"google_fonts:Lora","label":"Lora","group":"Google fonts"},{"value":"google_fonts:Montserrat","label":"Montserrat","group":"Google fonts"},{"value":"google_fonts:Open Sans","label":"Open Sans","group":"Google fonts"},{"value":"google_fonts:Open Sans Condensed","label":"Open Sans Condensed","group":"Google fonts"},{"value":"google_fonts:Oswald","label":"Oswald","group":"Google fonts"},{"value":"google_fonts:Roboto","label":"Roboto","group":"Google fonts"},{"value":"google_fonts:Roboto Slab","label":"Roboto Slab","group":"Google fonts"},{"value":"google_fonts:Ubuntu","label":"Ubuntu","group":"Google fonts"},{"value":"google_fonts:Ubuntu Condensed","label":"Ubuntu Condensed","group":"Google fonts"}],"default":"Arial"},{"type":"select","id":"base_font_size","label":"Font size","options":[{"value":"11px","label":"11px"},{"value":"12px","label":"12px"},{"value":"13px","label":"13px"},{"value":"14px","label":"14px"},{"value":"15px","label":"15px"},{"value":"16px","label":"16px"}],"default":"14px"},{"type":"color","id":"base_font_color","label":"Color","default":"#777777"},{"type":"header","content":"Heading font"},{"type":"select","id":"heading_font","label":"Font family","options":[{"value":"Arial","label":"Arial","group":"Sans-serif"},{"value":"Trebuchet MS","label":"Trebuchet MS","group":"Sans-serif"},{"value":"Verdana","label":"Verdana","group":"Sans-serif"},{"value":"Georgia","label":"Georgia","group":"Serif"},{"value":"Times New Roman","label":"Times New Roman","group":"Serif"},{"value":"Courier New","label":"Courier New","group":"Monospace"},{"value":"Lucida Console","label":"Lucida Console","group":"Monospace"},{"value":"google_fonts:Lato","label":"Lato","group":"Google fonts"},{"value":"google_fonts:Lora","label":"Lora","group":"Google fonts"},{"value":"google_fonts:Montserrat","label":"Montserrat","group":"Google fonts"},{"value":"google_fonts:Open Sans","label":"Open Sans","group":"Google fonts"},{"value":"google_fonts:Open Sans Condensed","label":"Open Sans Condensed","group":"Google fonts"},{"value":"google_fonts:Oswald","label":"Oswald","group":"Google fonts"},{"value":"google_fonts:Roboto","label":"Roboto","group":"Google fonts"},{"value":"google_fonts:Roboto Slab","label":"Roboto Slab","group":"Google fonts"},{"value":"google_fonts:Ubuntu","label":"Ubuntu","group":"Google fonts"},{"value":"google_fonts:Ubuntu Condensed","label":"Ubuntu Condensed","group":"Google fonts"}],"default":"Arial"},{"type":"select","id":"heading_font_size","label":"Font size","options":[{"value":"14px","label":"14px"},{"value":"16px","label":"16px"},{"value":"18px","label":"18px"},{"value":"20px","label":"20px"},{"value":"22px","label":"22px"},{"value":"24px","label":"24px"},{"value":"26px","label":"26px"},{"value":"28px","label":"28px"},{"value":"30px","label":"30px"}],"default":"30px"},{"type":"color","id":"heading_font_color","label":"Color","default":"#000000"},{"type":"header","content":"Links"},{"type":"color","id":"links_color","label":"Links color","default":"#337ab7"},{"type":"color","id":"links_color_hover","label":"Links hover color","default":"#23527c"},{"type":"header","content":"Product name"},{"type":"select","id":"product_name_size","label":"Font size","options":[{"value":"14px","label":"14px"},{"value":"16px","label":"16px"},{"value":"18px","label":"18px"},{"value":"20px","label":"20px"}],"default":"16px"},{"type":"color","id":"product_name_color","label":"Color","default":"#000000"},{"type":"color","id":"product_name_color_hover","label":"Hover color","default":"#777777"},{"type":"header","content":"Product price"},{"type":"color","id":"product_price_color","label":"Color","default":"#000000"},{"type":"color","id":"product_price_sale_color","label":"Sale color","default":"#000000"},{"type":"header","content":"Section headers style"},{"type":"color","id":"section_headers_bg_color","label":"Color"},{"type":"select","id":"section_headers_alignment","label":"Section headers text alignment","options":[{"value":"left","label":"Left"},{"value":"center","label":"Center"}],"default":"left"}]},{"name":"Colors","settings":[{"type":"header","content":"Page colors"},{"type":"color","id":"bg_color","label":"Page background color"},{"type":"color","id":"border_color","label":"Border color"},{"type":"select","id":"color_scheme","label":"Color scheme","options":[{"value":"scheme_1","label":"Scheme #1"},{"value":"scheme_2","label":"Scheme #2"},{"value":"scheme_3","label":"Scheme #3"}]},{"type":"header","content":"Color scheme #1"},{"type":"color","id":"scheme_1_color_1","label":"Color #1"},{"type":"color","id":"scheme_1_color_2","label":"Color #2"},{"type":"header","content":"Color scheme #2"},{"type":"color","id":"scheme_2_color_1","label":"Color #1"},{"type":"color","id":"scheme_2_color_2","label":"Color #2"},{"type":"header","content":"Color scheme #3"},{"type":"color","id":"scheme_3_color_1","label":"Color #1"},{"type":"color","id":"scheme_3_color_2","label":"Color #2"},{"type":"header","content":"Adjective colors "},{"type":"color","id":"color_3","label":"Color #3"},{"type":"color","id":"color_4","label":"Color #4"},{"type":"header","content":"Button colors "},{"type":"color","id":"button_color","label":"Button color"},{"type":"color","id":"button_hover_color","label":"Button hover color"}]},{"name":"Favicon","settings":[{"type":"image_picker","id":"favicon","label":"Favicon image","info":"Will be scaled down to 32 x 32px"}]},{"name":"Sidebar","settings":[{"type":"header","content":"Sidebar"},{"type":"paragraph","content":"Show sidebar on collection page, or blog page"},{"type":"checkbox","id":"sidebar_toggle","label":"Show sidebar"},{"type":"radio","id":"sidebar_position","options":[{"value":"sidebar_left","label":"Left position"},{"value":"sidebar_right","label":"Right position"}]}]},{"name":"Wishlist","settings":[{"type":"checkbox","id":"wishlist_toggle","label":"Enable wishlist"},{"type":"page","id":"wishlist_page","label":"Choose wishlist page"}]},{"name":"Pages","settings":[{"type":"header","content":"Contact page"},{"type":"checkbox","id":"contact_map","label":"Show map on contact page","default":true},{"type":"header","content":"Password page"},{"type":"checkbox","id":"password_link_view","label":"Show a link to the password page, to customize the display of the page."}]},{"name":"Newsletter","settings":[{"type":"header","content":"Newsletter settings"},{"type":"radio","id":"newsletter_form_type","label":"Newsletter subscription form","options":[{"value":"newsletter_shopify","label":"Shopify native form"},{"value":"newsletter_mailchimp","label":"Mailchimp service"}]},{"type":"paragraph","content":"If you choose 'Shopify native form', all subscribers' emails will be collected at 'Customers' section, marked as 'Newsletter Subscriber'."},{"type":"text","id":"newsletter_mailchimp_url","label":"Mailchimp form action URL","info":"[Enter your Mailchimp form action URL](http:\/\/help.shopify.com\/manual\/using-themes\/change-the-layout\/theme-newsletter#non-sectioned-themes)"},{"type":"header","content":"Newsletter popup"},{"type":"checkbox","id":"newsletter_popup_toggle","label":"Enable newsletter popup"},{"type":"text","id":"newsletter_popup_period","label":"Pop-up disable expiration (in days)","info":"Number of days until user will see pop-up again (after clicking 'Dont show this message again' button or successful subscription)"},{"type":"image_picker","id":"newsletter_popup_bg","label":"Background image","info":"Image size 700x400px"}]},{"name":"Animation","settings":[{"type":"header","content":"Home page Animation"},{"type":"checkbox","id":"text-animation","label":"Show animation on the home page","default":false}]},{"name":"Product","settings":[{"type":"header","content":"Product badge"},{"type":"checkbox","id":"badge_toggle","label":"Show badge on product"},{"type":"text","id":"new_products_period","label":"'New' products marker","info":"Number of days for which the product is considered as \"New\""},{"type":"color","id":"new_badge_color","label":"'New' badge color","default":"#000"},{"type":"radio","id":"sale_type","options":[{"value":"text","label":"Text"},{"value":"percent","label":"Percent"}],"label":"'Sale' marker type"},{"type":"color","id":"sale_badge_color","label":"'Sale' badge color","default":"#f00"},{"type":"header","content":"Product color"},{"type":"text","id":"color_option","label":"Name color option","info":"Specify the color option for the product"},{"type":"header","content":"Product size"},{"type":"text","id":"size_option","label":"Name size option","info":"Specify the size option for the product"},{"type":"header","content":"Product view"},{"type":"checkbox","id":"product_border","label":"Show border on product image"}]},{"name":"Social sharing buttons","settings":[{"type":"checkbox","id":"sharing_fb","label":"Facebook"},{"type":"checkbox","id":"sharing_tw","label":"Twitter"},{"type":"checkbox","id":"sharing_gplus","label":"Google+"},{"type":"checkbox","id":"sharing_pin","label":"Pinterest"}]},{"name":"NEED MORE HELP?","settings":[{"type":"header","content":{"de":"BENÖTIGEN SIE WEITERE HILFE","en":"NEED MORE HELP?","es":"NECESITAS MÁS AYUDA?","fr":"BESOIN D'AIDE?","it":"SERVE ANCORA AIUTO?","ru":"НУЖНА ДОПОЛНИТЕЛЬНАЯ ПОМОЩЬ?","pt-BR":"NEED MORE HELP?"},"info":{"de":"[Bei weiteren Fragen oder Problemen sowie bei der Anpassung der Vorlage wenden Sie sich bitte an shopify@zemez.io](mailto:shopify@zemez.io)","en":"[In case of additional questions or problems, as well as requests to customize the template, please contact shopify@zemez.io](mailto:shopify@zemez.io)","es":"[En caso de preguntas o problemas adicionales, así como solicitudes para personalizar la plantilla, comuníquese con shopify@zemez.io](mailto:shopify@zemez.io)","fr":"[En cas de questions ou de problèmes supplémentaires, ainsi que de demandes de personnalisation du modèle, veuillez contacter shopify@zemez.io](mailto:shopify@zemez.io)","it":"[In caso di ulteriori domande o problemi, nonché richieste di personalizzazione del modello, si prega di contattare shopify@zemez.io](mailto:shopify@zemez.io)","ru":"[В случае возникновения дополнительных вопросов или проблем, а также запросов на настройку шаблона, пожалуйста, свяжитесь с нами shopify@zemez.io](mailto:shopify@zemez.io)","pt-BR":"[In case of additional questions or problems, as well as requests to customize the template, please contact shopify@zemez.io](mailto:shopify@zemez.io)"}}]}]