{"current":{"base_font":"google_fonts:Montserrat","base_font_size":"16px","base_font_color":"#e0ceaa","heading_font":"google_fonts:Montserrat","heading_font_size":"30px","heading_font_color":"#e0ceaa","links_color":"#e0ceaa","links_color_hover":"#ffffff","product_name_size":"18px","product_name_color":"#e0ceaa","product_name_color_hover":"#fdfdfd","product_price_color":"#e0ceaa","product_price_sale_color":"#979797","section_headers_bg_color":"#ffffff","section_headers_alignment":"center","bg_color":"#363737","border_color":"#363737","color_scheme":"scheme_3","scheme_1_color_1":"#979797","scheme_1_color_2":"#333333","scheme_2_color_1":"#f2c94c","scheme_2_color_2":"#242424","scheme_3_color_1":"#fdfdfd","scheme_3_color_2":"#b8a98d","color_3":"#363737","color_4":"#fdfdfd","button_color":"#e0ceaa","button_hover_color":"#ffffff","favicon":"shopify:\/\/shop_images\/culto-favicon.png","sidebar_toggle":false,"sidebar_position":"sidebar_left","wishlist_toggle":false,"wishlist_page":"","contact_map":true,"password_link_view":false,"newsletter_form_type":"newsletter_shopify","newsletter_mailchimp_url":"","newsletter_popup_toggle":false,"newsletter_popup_period":"30","newsletter_popup_bg":"","text-animation":true,"badge_toggle":false,"new_products_period":"10000","new_badge_color":"#333333","sale_type":"text","sale_badge_color":"#979797","color_option":"","size_option":"","product_border":false,"sharing_fb":true,"sharing_tw":true,"sharing_gplus":false,"sharing_pin":false,"checkout_header_image":"","checkout_logo_image":"shopify:\/\/shop_images\/culto-logo_974ca318-4852-43b4-9acc-bc57ba5f12f4.png","checkout_logo_position":"left","checkout_logo_size":"small","checkout_body_background_image":"","checkout_body_background_color":"#363737","checkout_input_background_color_mode":"transparent","checkout_sidebar_background_image":"","checkout_sidebar_background_color":"#363737","checkout_heading_font":"Roboto","checkout_body_font":"Roboto","checkout_accent_color":"#b8a98d","checkout_button_color":"#e0ceaa","checkout_error_color":"#c19a74","color_1":"#ffffff","color_2":"#333333","currency_selector":"0","supported_currencies":"USD EUR GBP","show_multiple_currencies":"1","currency_format":"money_with_currency_format","default_currency":"USD","currencies_toggle":true,"currencies_list":"","checkout_use_header_image":false,"checkout_logo":"","checkout_use_body_background_image":false,"checkout_use_sidebar_background_image":false,"color_text":"#3d4246","color_body_text":"#788188","color_sale_text":"#7796A8","color_borders":"#e8e9eb","color_button":"#7796A8","color_button_text":"#fff","color_small_button":"#fff","color_small_button_text":"#3d4246","color_text_field":"#fff","color_text_field_text":"#000","color_image_overlay_text":"#fff","color_image_overlay":"#3d4246","image_overlay_opacity":"0.25","color_body_bg":"#fff","type_header_family":"Google_Work+Sans_600_sans","type_header_base_size":"26px","type_base_family":"Google_Work+Sans_400_sans","type_base_size":"16px","type_bold_product_titles":false,"share_facebook":true,"share_twitter":true,"share_pinterest":true,"social_twitter_link":"","social_facebook_link":"","social_pinterest_link":"","social_instagram_link":"","social_tumblr_link":"","social_snapchat_link":"","social_youtube_link":"","social_vimeo_link":"","sections":{"header":{"type":"header","blocks":{"109856f6-850b-4c35-b01a-ce94e273d911":{"type":"link-linklist","settings":{"title":"About","link":"shopify:\/\/pages\/servicios","links":"about"}},"1564744840392":{"type":"link-8banners","settings":{"title":"Productos","link":"shopify:\/\/collections","align_text":false,"banner_1_image":"shopify:\/\/shop_images\/ASHABRASS.jpg","banner_1_link":"shopify:\/\/collections\/camas","banner_1_text":"Camas","banner_2_image":"shopify:\/\/shop_images\/CULTO-collection-chairs.jpg","banner_2_link":"shopify:\/\/collections\/sillas","banner_2_text":"Sillas","banner_3_image":"shopify:\/\/shop_images\/CULTO-collection-deco.jpg","banner_3_link":"shopify:\/\/collections\/decoracion-y-accesorios","banner_3_text":"Decoración y accesorios","banner_4_image":"shopify:\/\/shop_images\/ruben_masonry_2.jpg","banner_4_link":"shopify:\/\/collections\/mobiliario","banner_4_text":"Mobiliario","banner_5_image":"shopify:\/\/shop_images\/CULTO-collection-kitchens.jpg","banner_5_link":"shopify:\/\/collections\/cocinas","banner_5_text":"Cocinas Nolte","banner_6_image":"shopify:\/\/shop_images\/CULTO-collection-lighting.jpg","banner_6_link":"shopify:\/\/collections\/iluminacion","banner_6_text":"Iluminación","banner_7_image":"shopify:\/\/shop_images\/LOLITA.jpg","banner_7_link":"shopify:\/\/collections\/sillones","banner_7_text":"Sillones","banner_8_image":"shopify:\/\/shop_images\/plus-web-01.jpg","banner_8_link":"shopify:\/\/collections","banner_8_text":"Más productos","banner_9_link":"","banner_9_text":"","banner_10_link":"","banner_10_text":"","banner_11_link":"","banner_11_text":"","banner_12_link":"","banner_12_text":""}},"1564743444433":{"type":"link-simple","settings":{"title":"Marcas","link":"shopify:\/\/pages\/marcas"}},"1554975631501":{"type":"link-simple","settings":{"title":"Contacto","link":"shopify:\/\/pages\/contacto"}},"a9cd0a28-c542-4867-8dd0-77200bbbf591":{"type":"link-linklist","settings":{"title":"Shop","link":"https:\/\/culto.store\/collections\/shop","links":"shop"}}},"block_order":["109856f6-850b-4c35-b01a-ce94e273d911","1564744840392","1564743444433","1554975631501","a9cd0a28-c542-4867-8dd0-77200bbbf591"],"custom_css":[],"settings":{"logo_type":"img","logo_width":200,"logo_height":30,"logo_main":"shopify:\/\/shop_images\/culto-logo_974ca318-4852-43b4-9acc-bc57ba5f12f4.png","logo_slogan":"","top_pannel_text":"","top_pannel_bg":"rgba(0,0,0,0)","top_pannel_inverted":false,"header_search":true,"header_search_ajax":true,"currency_selector":false,"supported_currencies":"USD EUR GBP","header_user":true,"header_bg":"rgba(0,0,0,0)","header_inverted":false,"main_header_hover_color":"#bdbdbd","megamenu_toggle":true,"header_cart":true,"ajax_cart":false}},"footer":{"type":"footer","blocks":{"1583425458860":{"type":"linklist","settings":{"links":"social"}},"8c84174c-4c70-441b-b435-e548651fb256":{"type":"linklist","settings":{"links":"condiciones-de-venta"}},"1564750971085":{"type":"linklist","settings":{"links":"legal"}},"1564743580002":{"type":"contacts","settings":{"contacts_title":"Contacto","contacts_name":"","contacts_address":"Carrer de Laforja, 85-87, Local 1, 08021 Barcelona Parking en Laforja 100","contacts_phone":"+34 938 524 614","contacts_email":"hello@culto.store"}}},"block_order":["1583425458860","8c84174c-4c70-441b-b435-e548651fb256","1564750971085","1564743580002"],"settings":{"section_bg_color":"#363737","item_bg_color":"#363737","inverted":false,"bottom_pannel_color":"#f3f3f3","bottom_inverted":false,"bottom_boxed":false,"padding_top":50,"powered_toggle":false,"payment_icons_toggle":false,"cc-amex":false,"cc-diners-club":false,"cc-discover":false,"cc-jcb":false,"cc-mastercard":false,"cc-paypal":false,"cc-stripe":false,"cc-visa":false,"google-wallet":false}},"template-collections-listing":{"type":"template-collections-listing","settings":{"img_size":"medium","img_alignment":"center","text_position":"overlay"}},"template-collection":{"type":"template-collection","settings":{"listing_style":"big","pagination_type":"default","collection_img_style":"none","collection_img_size":"small","collection_img_alignment":"center","collection_desc_toggle":true,"collection_tags_toggle":false,"product_img_size":"medium","product_img_alignment":"center"}},"template-product":{"type":"template-product","settings":{"product_view_type":"carousel","image_alignment":"top","show_weight":false,"show_sku":false,"show_barcode":false,"show_collections":false,"show_product_types":false,"show_vendor":true,"show_tags":false,"show_share_buttons":true,"show_desc":true,"show_color":false,"show_size":false,"show_notify_button":false,"show_related_products":false,"related_products_title":"También te puede interesar"}},"template-blog":{"type":"template-blog","settings":{"layout":"grid","img_size":"medium","img_alignment":"top","text_position":"normal","blog_tags_toggle":false}},"template-article":{"type":"template-article","settings":{"img_size":"medium","img_alignment":"center","text_position":"normal"}},"template-about-us":{"type":"template-about-us","blocks":{"1485527855475":{"type":"text-block","settings":{"title":"Catering to your requirements, handling your needs with care","text":"<p>Our store is more than just another average online retailer. We sell not only top quality products, but give our customers a positive online shopping experience. Forget about struggling to do everything at once: taking care of the family, running your business, walking your dog, cleaning the house, doing the shopping, etc. Purchase the goods you need every day or just like in a few clicks or taps, depending on the device you use to access the Internet. We work to make your life more enjoyable.<\/p>"}},"1485529201861":{"type":"icons-block","settings":{"title":"Store events","icon_1":"search","title_1":"Icon block with text","text_1":"<p>We think about the convenience of your choice. Our products are supplied with star rating that should help hesitant buyers to take a decision. What&rsquo;s more, you can search our site if you know exactly what you are looking for or use a bunch of different filters that will considerably save your time and efforts.<\/p>","icon_2":"truck","title_2":"Delivery to all regions","text_2":"<p>We deliver our goods worldwide. No matter where you live, your order will be shipped in time and delivered right to your door or to any other location you have stated. The packages are handled with utmost care, so the ordered products will be handed to you safe and sound, just like you expect them to be.<\/p>","icon_3":"thumbs-o-up","title_3":"The highest quality of products","text_3":"<p>We guarantee the highest quality of the products we sell. Several decades of successful operation and millions of happy customers let us feel certain about that. Besides, all items we sell pass thorough quality control, so no characteristics mismatch can escape the eye of our professionals.<\/p>"}},"1485531360014":{"type":"photos-block","settings":{"title":"Our team","img_1":"","title_1":"John Doe","text_1":"<p>Senior salesman with 15 years of experience. He knows everything about the products he offers.<\/p>","img_2":"","title_2":"Jessica Priston","text_2":"<p>Mega positive shop assistant always ready to help you make the right choice and charm you with a smile.<\/p>","img_3":"","title_3":"Sam Kromstain","text_3":"<p>Wholesale manager. Contact him if you want to buy a batch of the products offered at our store.<\/p>","img_4":"","title_4":"Edna Barton","text_4":"<p>Quality control manager. Her mission is to check the products we ship and settle quality issues if any.<\/p>"}},"1485532165531":{"type":"testimonials-block","settings":{"title":"Testimonials","name_1":"Mary Taba","text_1":"Guys, you rock! Made a purchase at your store recently. The order has been shipped and delivered on time. The quality is superb! The price is quite reasonable. Told all my friends about your excellent service and the variety of choice. I think I&rsquo;ll be your loyal customer in future as well. I wish your store many more years of prosperity.","name_2":"Virginia Ubert","text_2":"Thank you again and again! I have experienced the fastest support ever. My order arrived on my door step the following day. Your team is always, friendly and very helpful. You managed to exceed my expectations!","name_3":"","text_3":""}}},"block_order":["1485527855475","1485529201861","1485531360014","1485532165531"],"settings":{}},"template-wishlist":{"type":"template-wishlist","settings":{"product_img_size":"medium","product_img_alignment":"center"}},"sidebar":{"type":"sidebar","blocks":{"1527867816771":{"type":"widget_linklist","settings":{"title":"Collections","links":""}}},"block_order":["1527867816771"],"settings":{}},"sidebar-blog":{"type":"sidebar-blog","blocks":{"1526376031917":{"type":"link-list","settings":{"block_title":"categories","links":""}},"1530529473539":{"type":"blog_comments","settings":{"title":"Blog comments"}},"1530529813107":{"type":"blog_tags","settings":{"title":"Blog tags"}}},"block_order":["1526376031917","1530529473539","1530529813107"],"settings":{}},"template-privacy-policy":{"type":"template-privacy-policy","blocks":{"1503144156672":{"type":"text-block","settings":{"title":"General information","text":"<p>Welcome to our Privacy Policy page! When you use our store services, you trust us with your information. This Privacy Policy is meant to help you understand what data we collect, why we collect it, and what we do with it. When you share information with us, we can make our services even better for you. For instance, we can show you more relevant search results and ads, help you connect with people or to make sharing with others quicker and easier. As you use our services, we want you to be clear how we&rsquo;re using information and the ways in which you can protect your privacy. This is important; we hope you will take time to read it carefully. Remember, you can find controls to manage your information and protect your privacy and security. We&rsquo;ve tried to keep it as simple as possible.<\/p>"}},"1503144183486":{"type":"text-block","settings":{"title":"Right to access, correct and delete data and to object to data processing","text":"<p>Our customers have the right to access, correct and delete personal data relating to them, and to object to the processing of such data, by addressing a written request, at any time. The Company makes every effort to put in place suitable precautions to safeguard the security and privacy of personal data, and to prevent it from being altered, corrupted, destroyed or accessed by unauthorized third parties. However, the Company does not control each and every risk related to the use of the Internet, and therefore warns the Site users of the potential risks involved in the functioning and use of the Internet. The Site may include links to other web sites or other internet sources. As the Company cannot control these web sites and external sources, the Company cannot be held responsible for the provision or display of these web sites and external sources, and may not be held liable for the content, advertising, products, services or any other material available on or from these web sites or external sources.<\/p>"}},"1503144204191":{"type":"text-block","settings":{"title":"Management of personal data","text":"<p>You can view or edit your personal data online for many of our services. You can also make choices about our collection and use of your data. How you can access or control your personal data will depend on which services you use. You can choose whether you wish to receive promotional communications from our store by email, SMS, physical mail, and telephone. If you receive promotional email or SMS messages from us and would like to opt out, you can do so by following the directions in that message. You can also make choices about the receipt of promotional email, telephone calls, and postal mail by visiting and signing into Company Promotional Communications Manager, which allows you to update contact information, manage contact preferences, opt out of email subscriptions, and choose whether to share your contact information with our partners. These choices do not apply to mandatory service communications that are part of certain store services.<\/p>"}},"1503144229373":{"type":"text-block","settings":{"title":"Information we collect","text":"<p>Our store collects data to operate effectively and provide you the best experiences with our services. You provide some of this data directly, such as when you create a personal account. We get some of it by recording how you interact with our services by, for example, using technologies like cookies, and receiving error reports or usage data from software running on your device. We also obtain data from third parties (including other companies). For example, we supplement the data we collect by purchasing demographic data from other companies. We also use services from other companies to help us determine a location based on your IP address in order to customize certain services to your location. The data we collect depends on the services and features you use.<\/p>"}},"1503144255733":{"type":"text-block","settings":{"title":"How we use your information","text":"<p>Our store uses the data we collect for three basic purposes: to operate our business and provide (including improving and personalizing) the services we offer, to send communications, including promotional communications, and to display advertising. In carrying out these purposes, we combine data we collect through the various store services you use to give you a more seamless, consistent and personalized experience. However, to enhance privacy, we have built in technological and procedural safeguards designed to prevent certain data combinations. For example, we store data we collect from you when you are unauthenticated (not signed in) separately from any account information that directly identifies you, such as your name, email address or phone number.<\/p>"}},"1503144272560":{"type":"text-block","settings":{"title":"Sharing your information","text":"<p>We share your personal data with your consent or as necessary to complete any transaction or provide any service you have requested or authorized. For example, we share your content with third parties when you tell us to do so. When you provide payment data to make a purchase, we will share payment data with banks and other entities that process payment transactions or provide other financial services, and for fraud prevention and credit risk reduction. In addition, we share personal data among our controlled affiliates and subsidiaries. We also share personal data with vendors or agents working on our behalf for the purposes described in this statement. For example, companies we've hired to provide customer service support or assist in protecting and securing our systems and services may need access to personal data in order to provide those functions. In such cases, these companies must abide by our data privacy and security requirements and are not allowed to use personal data they receive from us for any other purpose. We may also disclose personal data as part of a corporate transaction such as a merger or sale of assets.&nbsp;<\/p>"}}},"block_order":["1503144156672","1503144183486","1503144204191","1503144229373","1503144255733","1503144272560"],"settings":{"email":"rette@demolink.org"}},"index-map":{"type":"index-map","settings":{"map_height":"large","map_address":"Carrer de Laforja, 85-87, Local 1, 08021 Barcelona","api_key":"AIzaSyAk7sFJgiIPh--rKoTDvbht8cgcOOKExpk","map_style":"light","map_marker":"#e0ceaa","map_captions":false,"map_captions_title":"Our store","map_captions_text":"","map_captions_button":false}},"template-password":{"type":"template-password","settings":{"logo":"","header":"We are not ready yet","message":"Our store will be available soon","bg_image":"","password_label":"Enter store using password:","newslatter_form":true,"countdown_timer":true,"timer_date_day":"16","timer_date_month":"10","timer_date_year":"2023","social_menu":true,"social_fb":"https:\/\/www.facebook.com\/Jetimpex","social_tw":"https:\/\/twitter.com\/jetimpex","social_inst":"https:\/\/www.instagram.com\/jetimpex\/","social_pin":"","social_gplus":"","social_yt":"https:\/\/www.youtube.com\/channel\/UC-r8ibC10MAdgw5AAmQZbYQ"}},"sidebar-sort":{"type":"sidebar-sort","settings":{"show_section":false,"title":"Sort","text":"find","filter_category":true,"filter_type":true,"custom_tags_caption_1":"Size","custom_tags_1":"L,XL,XXL","custom_tags_caption_2":"","custom_tags_2":"","button":"Sort","color_option_heading":"Color","tag_option_heading":"Size"}},"template-faq":{"type":"template-faq","blocks":{"1525509923782":{"type":"tab-block","settings":{"block_title":"Shopping Information","element_1_header":"What Shipping Methods Are Available?","element_1_text":"<p>With the great pleasure we are offering you our goods<br> &bull;&nbsp; Fashion satisfies our willingness to be attractive<br> &bull;&nbsp; That is why we are offering you the result of great market and technological r<br> &bull;&nbsp; The unique combination of fair price, extraordinary style and perfect quality<br>So, this circumstance forced all leading successful companies to explore all needs and wishes of different groups of potential clients very deeply.<\/p>","element_2_header":"How Long Will It Take To Get My Package?","element_2_text":"<p>Lorem ipsum dolor sit amet conse ctetur adipisicing elit, sed do eiusmod tempor incididunre magna aliqua. Ut enim ad minim veniam, quis nostrud exercitation.<\/p>","element_3_header":"How Long Will It Take To Get My Package?","element_3_text":"<p>Lorem ipsum dolor sit amet conse ctetur adipisicing elit, sed do eiusmod tempor incididunre magna aliqua. Ut enim ad minim veniam, quis nostrud exercitation.<\/p>","element_4_header":"How Long Will It Take To Get My Package?","element_4_text":"<p>Lorem ipsum dolor sit amet conse ctetur adipisicing elit, sed do eiusmod tempor incididunre magna aliqua. Ut enim ad minim veniam, quis nostrud exercitation.<\/p>","element_5_header":"","element_5_text":"","element_6_header":"","element_6_text":""}},"1525510286784":{"type":"tab-block","settings":{"block_title":"General Information","element_1_header":"What Payment Methods Are Accepted","element_1_text":"<p>Yes, you can! After placing your order you will receive an order confirmation via email. Each order starts production 24 hours after your order is placed. Within 72 hours of you placing your order, you will receive an expected delivery date. When the order ships, you will receive another email with the tracking number and a link to trace the order online with the carrier.<\/p>","element_2_header":"Is Buying On-Line Safe?","element_2_text":"<p>Yes, you can! After placing your order you will receive an order confirmation via email. Each order starts production 24 hours after your order is placed. Within 72 hours of you placing your order, you will receive an expected delivery date. When the order ships, you will receive another email with the tracking number and a link to trace the order online with the carrier.<\/p>","element_3_header":"What Payment Methods Are Accepted","element_3_text":"<p>Yes, you can! After placing your order you will receive an order confirmation via email. Each order starts production 24 hours after your order is placed. Within 72 hours of you placing your order, you will receive an expected delivery date. When the order ships, you will receive another email with the tracking number and a link to trace the order online with the carrier.<\/p>","element_4_header":"","element_4_text":"","element_5_header":"","element_5_text":"","element_6_header":"","element_6_text":""}},"1525510549417":{"type":"tab-block","settings":{"block_title":"Orders and Returns","element_1_header":"How do I place an Order?","element_1_text":"<p>Yes, you can! After placing your order you will receive an order confirmation via email. Each order starts production 24 hours after your order is placed. Within 72 hours of you placing your order, you will receive an expected delivery date. When the order ships, you will receive another email with the tracking number and a link to trace the order online with the carrier.<\/p>","element_2_header":"Do I need an account to place an order?","element_2_text":"<p>Yes, you can! After placing your order you will receive an order confirmation via email. Each order starts production 24 hours after your order is placed. Within 72 hours of you placing your order, you will receive an expected delivery date. When the order ships, you will receive another email with the tracking number and a link to trace the order online with the carrier.<\/p>","element_3_header":"How Can I Cancel Or Change My Order?","element_3_text":"<p>Yes, you can! After placing your order you will receive an order confirmation via email. Each order starts production 24 hours after your order is placed. Within 72 hours of you placing your order, you will receive an expected delivery date. When the order ships, you will receive another email with the tracking number and a link to trace the order online with the carrier.<\/p>","element_4_header":"How Do I Track My Order?","element_4_text":"<p>Yes, you can! After placing your order you will receive an order confirmation via email. Each order starts production 24 hours after your order is placed. Within 72 hours of you placing your order, you will receive an expected delivery date. When the order ships, you will receive another email with the tracking number and a link to trace the order online with the carrier.<\/p>","element_5_header":"","element_5_text":"","element_6_header":"","element_6_text":""}},"1525510653657":{"type":"tab-block","settings":{"block_title":"Payment Information","element_1_header":"What Payment Methods Are Accepted","element_1_text":"<p>Yes, you can! After placing your order you will receive an order confirmation via email. Each order starts production 24 hours after your order is placed. Within 72 hours of you placing your order, you will receive an expected delivery date. When the order ships, you will receive another email with the tracking number and a link to trace the order online with the carrier.<\/p>","element_2_header":"Is Buying On-Line Safe?","element_2_text":"<p>Yes, you can! After placing your order you will receive an order confirmation via email. Each order starts production 24 hours after your order is placed. Within 72 hours of you placing your order, you will receive an expected delivery date. When the order ships, you will receive another email with the tracking number and a link to trace the order online with the carrier.<\/p>","element_3_header":"What Payment Methods Are Accepted","element_3_text":"<p>Yes, you can! After placing your order you will receive an order confirmation via email. Each order starts production 24 hours after your order is placed. Within 72 hours of you placing your order, you will receive an expected delivery date. When the order ships, you will receive another email with the tracking number and a link to trace the order online with the carrier.<\/p>","element_4_header":"What Payment Methods Are Accepted","element_4_text":"<p>Yes, you can! After placing your order you will receive an order confirmation via email. Each order starts production 24 hours after your order is placed. Within 72 hours of you placing your order, you will receive an expected delivery date. When the order ships, you will receive another email with the tracking number and a link to trace the order online with the carrier.<\/p>","element_5_header":"What Payment Methods Are Accepted","element_5_text":"<p>Yes, you can! After placing your order you will receive an order confirmation via email. Each order starts production 24 hours after your order is placed. Within 72 hours of you placing your order, you will receive an expected delivery date. When the order ships, you will receive another email with the tracking number and a link to trace the order online with the carrier.<\/p>","element_6_header":"","element_6_text":""}},"1525510758084":{"type":"tab-block","settings":{"block_title":"Warranty","element_1_header":"What Payment Methods Are Accepted","element_1_text":"<p>Yes, you can! After placing your order you will receive an order confirmation via email. Each order starts production 24 hours after your order is placed. Within 72 hours of you placing your order, you will receive an expected delivery date. When the order ships, you will receive another email with the tracking number and a link to trace the order online with the carrier.<\/p>","element_2_header":"Is Buying On-Line Safe?","element_2_text":"<p>Yes, you can! After placing your order you will receive an order confirmation via email. Each order starts production 24 hours after your order is placed. Within 72 hours of you placing your order, you will receive an expected delivery date. When the order ships, you will receive another email with the tracking number and a link to trace the order online with the carrier.<\/p>","element_3_header":"","element_3_text":"","element_4_header":"","element_4_text":"","element_5_header":"","element_5_text":"","element_6_header":"","element_6_text":""}}},"block_order":["1525509923782","1525510286784","1525510549417","1525510653657","1525510758084"],"settings":{"show_title":false}},"template-contact":{"type":"template-contact","settings":{"item_1_title":"Contacto","address_title":"Dirección","address_text":"Carrer de Laforja, 85-87, Local 1, 08021 Barcelona<br>Parking gratuito para nuestros clientes en Laforja 100","phone_title":"TELEFONO","phone_text":"+34 938 524 614","hours_title":"Horario","hours_text":"Lunes - Viernes <br>10:00 – 14:00<br> 15:00 – 19:00<br>Sábado: con cita previa<br>","email_title":"Correo electrónico","email_text":"hello@culto.store","item_2_title":"Ponte en contacto con nosotros","item_3_title":"Síguenos","social_fb":"https:\/\/www.facebook.com\/culto_barcelona-106761474109717\/","fb_title":"facebook","social_tw":"","tw_title":"","social_inst":"http:\/\/instagram.com\/culto_barcelona","inst_title":"instagram","social_gplus":"","gplus_title":"","social_yt":"","yt_title":""}},"template-services":{"type":"template-services","blocks":{"1525765512903":{"type":"service-block","settings":{"icon":"wallet","title":"Cash & Carry","text":"<p>Lorem ipsum dolor sit amet, consectetur adipiscing elit, sed do eiusmod tempor incididunt ut labore et dolore magna aliqua. Ut enim ad minim veniam, quis nostrud exercitation ullamco laboris nisi ut aliquip ex ea commodo consequat.<\/p>\n<p><br> &bull;&nbsp; Lorem ipsum dolor sit amet <br> &bull;&nbsp; Sed do eiusmod tempor incididunt<br> &bull;&nbsp; Ut labore et dolore magna aliqua.<br> &bull;&nbsp; Quis nostrud exercitation ullamco<\/p>"}},"1525765841730":{"type":"service-block","settings":{"icon":"tags","title":"Pick-Up from a Post Parcel","text":"<p>Point in your City<br>Lorem ipsum dolor sit amet, consectetur adipiscing elit, sed do eiusmod tempor incididunt ut labore et dolore magna aliqua. Ut enim ad minim veniam, quis nostrud exercitation ullamco laboris nisi ut aliquip ex ea commodo consequat.<\/p>\n<p><br> &bull;&nbsp; Lorem ipsum dolor sit amet <br> &bull;&nbsp; Sed do eiusmod tempor incididunt<br> &bull;&nbsp; Ut labore et dolore magna aliqua.<br> &bull;&nbsp; Quis nostrud exercitation ullamco<\/p>"}},"1525765898942":{"type":"service-block","settings":{"icon":"bag","title":"Shipment to The Door","text":"<p>Lorem ipsum dolor sit amet, consectetur adipiscing elit, sed do eiusmod tempor incididunt ut labore et dolore magna aliqua. Ut enim ad minim veniam, quis nostrud exercitation ullamco laboris nisi ut aliquip ex ea commodo consequat.<\/p>\n<p><br> &bull;&nbsp; Lorem ipsum dolor sit amet <br> &bull;&nbsp; Sed do eiusmod tempor incididunt<br> &bull;&nbsp; Ut labore et dolore magna aliqua.<br> &bull;&nbsp; Quis nostrud exercitation ullamco<\/p>"}},"1525767411000":{"type":"delivery","settings":{"title":"International Delivery","image":"","text":"<p><strong>Pick-Up from a Post Parcel Point in your City<\/strong><br>Lorem ipsum dolor sit amet, consectetur adipiscing elit, sed do eiusmod tempor incididunt ut labore et dolore magna aliqua. Ut enim ad minim veniam, quis nostrud exercitation ullamco laboris nisi ut aliquip ex ea commodo consequat.<\/p>\n<p><\/p>\n<p><\/p>\n<p>1.&nbsp;&nbsp;Lorem ipsum dolor sit amet <br>2.&nbsp;&nbsp;Sed do eiusmod tempor incididunt<br>3.&nbsp; Ut labore et dolore magna aliqua.<\/p>\n<p><\/p>\n<p>Ut enim ad minim veniam, quis nostrud exercitation ullamco laboris nisi ut aliquip ex ea commodo consequat.<\/p>","note":"Ut enim ad minim veniam, quis nostrud exercitation ullamco laboris nisi ut aliquip ex ea commodo consequat."}}},"block_order":["1525765512903","1525765841730","1525765898942","1525767411000"],"settings":{"delivery_title":""}},"sidebar-ensuing":{"type":"sidebar-ensuing","blocks":{"1528117052377":{"type":"widget_banner","settings":{"image":"","banner_height":"large","title":"NEW COLLECTION","text":"","link":"shopify:\/\/collections\/sale"}},"1528117031841":{"type":"widget_products","settings":{"title":"Products","products_collection":""}}},"block_order":["1528117052377","1528117031841"],"settings":{}},"1554971387348":{"type":"index-logo-list","disabled":true,"blocks":{"1554971387348-0":{"type":"logo_image","settings":{"image":"shopify:\/\/shop_images\/logos-stellar-works_a2b5f56e-e072-4da8-b5fd-7de123114f49.png","link":"shopify:\/\/pages\/stellar-works"}},"1554971387348-2":{"type":"logo_image","settings":{"image":"shopify:\/\/shop_images\/logos-wendelbo_7f750ace-96a5-45e8-b645-d32baf91dc31.png","link":"shopify:\/\/pages\/wendelbo"}},"1554971387348-3":{"type":"logo_image","settings":{"image":"shopify:\/\/shop_images\/logos-xam_ca1d1166-4ac1-48e6-9ab2-8e2d03058beb.png","link":"shopify:\/\/pages\/xam"}},"1555067449884":{"type":"logo_image","settings":{"image":"shopify:\/\/shop_images\/logos-contardi.png","link":"shopify:\/\/pages\/contardi"}},"1554971387348-4":{"type":"logo_image","settings":{"image":"shopify:\/\/shop_images\/logos-desalto_2620291b-005f-4380-8c6a-4beb78946ef3.png","link":"shopify:\/\/pages\/desalto"}},"1555067453929":{"type":"logo_image","settings":{"image":"shopify:\/\/shop_images\/logos-meridiani.png","link":"shopify:\/\/pages\/meridiani"}},"1554971387348-5":{"type":"logo_image","settings":{"image":"shopify:\/\/shop_images\/logos-forestier_8045affd-4473-44a9-8b2e-cfbb7d58e604.png","link":"shopify:\/\/pages\/forestier"}},"1555067458635":{"type":"logo_image","settings":{"image":"shopify:\/\/shop_images\/logos-nolte.png","link":"shopify:\/\/pages\/nolte"}},"1554971387348-1":{"type":"logo_image","settings":{"image":"shopify:\/\/shop_images\/logos-aytm.png","link":"shopify:\/\/pages\/aytm"}},"1555067455793":{"type":"logo_image","settings":{"image":"shopify:\/\/shop_images\/logos-mogg.png","link":"shopify:\/\/pages\/mogg"}},"1555067461727":{"type":"logo_image","settings":{"image":"shopify:\/\/shop_images\/logos-wiener-design_b5270861-9a55-4297-8d33-0e069c6788b6.png","link":"shopify:\/\/pages\/wiener-gtv"}},"1555067463666":{"type":"logo_image","settings":{"image":"shopify:\/\/shop_images\/logos-tagliabue.png","link":"shopify:\/\/pages\/tagliabue"}}},"block_order":["1554971387348-0","1554971387348-2","1554971387348-3","1555067449884","1554971387348-4","1555067453929","1554971387348-5","1555067458635","1554971387348-1","1555067455793","1555067461727","1555067463666"],"settings":{"title":"Nuestras marcas","img_size":"large","img_alignment":"center","section_bg_color":"rgba(0,0,0,0)","item_bg_color":"","inline":false,"item_color":""}},"1554986199182":{"type":"index-image-with-text","settings":{"image":"shopify:\/\/shop_images\/2_723f9f5b-43dc-4206-9c16-47accc2243f8.jpg","layout":"left","img_size":"medium","img_alignment":"top","title":"LAFORJA 85","text1":"","text2":"Trabajamos con prestigiosas marcas de todo el mundo\ncomo Meridiani, Desalto o Gebruder Thonet Vienna que\nconviven en el mismo espacio con marcas más jóvenes con propuestas desenfadadas como Mogg, Stellar Works o\nForestier. Otras casas con larga experiencia en el sector han apostado por un diseño contemporáneo y renovador como las camas de Xam, los sofás de Wendelbo o las griferías de la belga de RVB, marcas consolidadas en sus países de origen que podrás conocer en Culto.","button_label":"Ven a vernos","button_link":"shopify:\/\/pages\/contacto","background_toggle":true,"bg_color":"rgba(0,0,0,0)"}},"1559117761359":{"type":"index-divider","disabled":true,"settings":{"section_view":"boxed","padding_top":0,"padding_bottom":1,"margin_top":60,"margin_bottom":30,"background_color":"#b8a98d","tablet_padding_top":0,"tablet_padding_bottom":0,"tablet_margin_top":0,"tablet_margin_bottom":0}},"1564740570264":{"type":"index-slideshow","blocks":{"1564740570264-0":{"type":"image","settings":{"image":"shopify:\/\/shop_images\/SLIDER_01.jpg","img_alignment":"center","caption_aligment":"align_center","caption_txt1":"","title_effect":"none","caption_txt2":"","caption_link":"","button_txt":""}},"1569508709301":{"type":"image","settings":{"image":"shopify:\/\/shop_images\/SLIDER_02.jpg","img_alignment":"center","caption_aligment":"align_left","caption_txt1":"","title_effect":"none","caption_txt2":"","caption_link":"","button_txt":""}},"1564740570264-1":{"type":"image","settings":{"image":"shopify:\/\/shop_images\/SLIDER_03.jpg","img_alignment":"center","caption_aligment":"align_center","caption_txt1":"","title_effect":"none","caption_txt2":"","caption_link":"","button_txt":""}},"1569508771923":{"type":"image","settings":{"image":"shopify:\/\/shop_images\/SLIDER_04.jpg","img_alignment":"center","caption_aligment":"align_left","caption_txt1":"","title_effect":"none","caption_txt2":"","caption_link":"","button_txt":""}},"ff25bb6d-9633-46a9-8fe1-aa1adf16876d":{"type":"image","settings":{"image":"shopify:\/\/shop_images\/SLIDER_05.jpg","img_alignment":"center","caption_aligment":"align_left","caption_txt1":"","title_effect":"none","caption_txt2":"","caption_link":"","button_txt":"Shop now"}}},"block_order":["1564740570264-0","1569508709301","1564740570264-1","1569508771923","ff25bb6d-9633-46a9-8fe1-aa1adf16876d"],"settings":{"autoplay":true,"autoplay_speed":"5000","section_variant":"lonely","content_direction":"left","pagination_alignment":"align_center","links":"","linklist_bg_color":"","banner_big_alignment":"center","banner_big_subtitle":"","banner_big_title":"","banner_big_link":"","banner_bg_color":"#777777","banner_small_subtitle":"","banner_small_title":"","banner_small_link":""}},"1564741146765":{"type":"index-collection-list","disabled":true,"blocks":{"1564741177758":{"type":"featured_collection","settings":{"item_collection":"camas"}},"1564741183955":{"type":"featured_collection","settings":{"item_collection":"sillas"}},"1564741146765-3":{"type":"featured_collection","settings":{"item_collection":"mesas"}},"1588686804475":{"type":"featured_collection","settings":{"item_collection":"mobiliario-exterior"}},"1564741189882":{"type":"featured_collection","settings":{"item_collection":"mobiliario"}},"1564741146765-0":{"type":"featured_collection","settings":{"item_collection":"cocinas"}},"1564741146765-1":{"type":"featured_collection","settings":{"item_collection":"iluminacion"}},"1564741146765-2":{"type":"featured_collection","settings":{"item_collection":"sofas"}},"1588686770351":{"type":"featured_collection","settings":{"item_collection":"mesas-auxiliares"}},"1564741187530":{"type":"featured_collection","settings":{"item_collection":"decoracion-y-accesorios"}},"1588688644888":{"type":"featured_collection","settings":{"item_collection":"sillones"}}},"block_order":["1564741177758","1564741183955","1564741146765-3","1588686804475","1564741189882","1564741146765-0","1564741146765-1","1564741146765-2","1588686770351","1564741187530","1588688644888"],"settings":{"section_title":"Nuestros productos","img_size":"medium","img_alignment":"center","text_position":"overlay","show_view_all":false}},"1564746087263":{"type":"index-custom-content","blocks":{"1565947751203":{"type":"html","settings":{"code":"<div style=\"max-width:900px; text-align:center; margin:0 auto 0 auto;\">\n<h1 class=\"page_heading\"> HOMENAJE APASIONADO A LA ARQUITECTURA,\nEL DISEÑO Y EL ARTE<\/h1>\n<br><p>Queremos ser el punto de encuentro en Barcelona de los amantes como nosotros\npor el diseño de interiores.<br><br>\nPiezas y marcas cuidadosamente seleccionadas desde la admiración,\nel conocimiento y la experiencia.\n<\/p>\n<\/div>","width":"100%"}}},"block_order":["1565947751203"],"settings":{"title":""}},"1564747050242":{"type":"index-image-with-text-overlay","disabled":true,"blocks":{"1564747165183":{"type":"header_h4","settings":{"subtitle":"More than a store"}},"1564747104948":{"type":"text","settings":{"text":"Look around, then look beyond. There’s more here than just a welcoming shop with exquisite items from brands such as Desalto, Mogg and Bolia. Our expert staff will reveal new worlds of good taste and understated luxury, help you see new possibilities, and find what’s right for you."}},"1564747598944":{"type":"button","settings":{"button_label":"Visit Us","button_link":"shopify:\/\/pages\/contacto"}}},"block_order":["1564747165183","1564747104948","1564747598944"],"settings":{"section_height":"medium","section_view":"boxed","image":"shopify:\/\/shop_images\/NewYork_fondo_nero.jpg","img_alignment":"center","parallax":false,"img_alignment_2":"top","parallax_2":false,"caption_align":"center","inverted":false,"caption_bg_color":"","caption_bg_color_opacity":0.2}},"1564747252668":{"type":"index-image-with-text","settings":{"image":"shopify:\/\/shop_images\/TARGA_COLLECTION_design_GamFratesi_GebrAder_Thonet_Vienna_GmbH_10.jpg","layout":"left","img_size":"medium","img_alignment":"center","title":"ASESORAMIENTO A PROFESIONALES","text1":"Una visión contemporánea\nde la profesión.\nApoyando desde la  conceptualización hasta el\nabastecimiento de producto ya que somos representantes y distribuidores de una cuidad selección de marcas \nnacionales e internacionales.","text2":"","button_label":"","button_link":"","background_toggle":false,"bg_color":"#ffffff"}},"1564747425014":{"type":"index-image-with-text","settings":{"image":"shopify:\/\/shop_images\/baldacchino_bronzed_4b_1.jpg","layout":"right","img_size":"medium","img_alignment":"center","title":"PROYECTOS PARA PARTICULARES","text1":"Un showroom pensado para\ninspirar, imaginar, proyectar y\nejecutar.\nCULTO desarrolla proyectos de interiorismo y decoración y gestiona obras integrales de reforma respondiendo a las inquietudes del cliente siempre con un trato fácil y cercano.\n\nEncontrará a su disposición un equipo premiado\ninternacionalmente, con años de experiencia en el sector.","text2":"","button_label":"","button_link":"","background_toggle":false,"bg_color":"#ffffff"}},"1564756927459":{"type":"index-custom-content","disabled":true,"blocks":{"1565949336113":{"type":"html","settings":{"code":"<div style=\"max-width:900px; text-align:center; margin:0 auto 0 auto;\">\n<h3 style=\"font-size:30px; font-weight:100;\">Háblanos de tu proyecto<\/h3>\n<br>\n<p>Te orientamos, te asesoramos en aspectos prácticos y te ayudamos a encontrar la inspiración. Pero lo primero que hacemos es escucharte.<\/p>\n<\/div>","width":"100%"}}},"block_order":["1565949336113"],"settings":{"title":""}},"1564757492557":{"type":"index-divider","settings":{"section_view":"boxed","padding_top":0,"padding_bottom":1,"margin_top":60,"margin_bottom":60,"background_color":"#b8a98d","tablet_padding_top":0,"tablet_padding_bottom":0,"tablet_margin_top":0,"tablet_margin_bottom":0}},"1564757676485":{"type":"index-divider","settings":{"section_view":"boxed","padding_top":0,"padding_bottom":1,"margin_top":60,"margin_bottom":0,"background_color":"#b8a98d","tablet_padding_top":0,"tablet_padding_bottom":0,"tablet_margin_top":0,"tablet_margin_bottom":0}},"1564758154871":{"type":"index-custom-content","disabled":true,"blocks":{"1565950052739":{"type":"html","settings":{"code":"<div style=\"text-align:center\"><h3 style=\"font-size:30px; font-weight:100;\">What you'll find<\/h3><\/div>","width":"100%"}}},"block_order":["1565950052739"],"settings":{"title":""}},"1564758244019":{"type":"index-divider","disabled":true,"settings":{"section_view":"boxed","padding_top":0,"padding_bottom":1,"margin_top":0,"margin_bottom":0,"background_color":"#b8a98d","tablet_padding_top":0,"tablet_padding_bottom":0,"tablet_margin_top":0,"tablet_margin_bottom":0}},"1565949735605":{"type":"index-custom-content","blocks":{"1565949748058":{"type":"html","settings":{"code":"<div style=\"text-align:center;\" class=\"section_image-with-text\"><a class=\"btn\" style=\"margin:0 auto 0 auto !important;\" href=\"https:\/\/culto.store\/pages\/contacto\">Habla con nosotros<i class=\"fa fa-long-arrow-right\" aria-hidden=\"true\"><\/i>\n<\/a><\/div>","width":"100%"}}},"block_order":["1565949748058"],"settings":{"title":""}},"1588691958724":{"type":"index-featured-products","disabled":true,"settings":{"section_title":"PRODUCTOS DESTACADOS","section_bg_color":"","section_collection":"mobiliario-exterior","products_limit":"3","img_size":"medium","img_alignment":"center"}},"1588692148201":{"type":"index-gallery","disabled":true,"blocks":{"1588692148201-0":{"type":"image","settings":{"item_img":"shopify:\/\/shop_images\/Screen_Shot_2020-03-04_at_17.13.54.jpg","item_img_alignment":"center","item_link":"","item_text1":"","item_text2":""}},"1588692148201-1":{"type":"image","settings":{"item_img_alignment":"center","item_link":"","item_text1":"","item_text2":""}},"1588692148201-2":{"type":"image","settings":{"item_img_alignment":"center","item_link":"","item_text1":"","item_text2":""}},"1588692298965":{"type":"image","settings":{"item_img_alignment":"center","item_link":"","item_text1":"","item_text2":""}}},"block_order":["1588692148201-0","1588692148201-1","1588692148201-2","1588692298965"],"settings":{"section_height":"medium","boxed":false,"section_style":"style_3"}},"1588692336302":{"type":"index-products-carousel","settings":{"section_title":"Productos destacados","section_bg_color":"","section_collection":"mobiliario","products_count":"16","carousel_rows":"1","carousel_direction":"1","img_size":"small","img_alignment":"bottom"}}},"content_for_index":["1564740570264","1564746087263","1564747050242","1564757492557","1554986199182","1559117761359","1564756927459","1564747425014","1564747252668","1565949735605","1564757676485","1564758154871","1588692148201","1564741146765","1554971387348","1588691958724","1588692336302","1564758244019"]},"presets":{"Default":{"sections":{"header":{"type":"header","settings":{}},"footer":{"type":"footer","settings":{}}},"content_for_index":[]}}}